strategy,base_strategy,regime_filtered,symbol,timeframe,sharpe,cagr,max_drawdown,win_rate,profit_factor,trade_count,total_return,gate1_pass,halted
ema_crossover,ema_crossover,False,AAPL,1d,0.3495,0.0064,0.0393,0.36,1.43,25,0.0322,False,False
ema_crossover+regime,ema_crossover,True,AAPL,1d,0.3314,0.0058,0.0344,0.381,1.26,21,0.0291,False,False
donchian_bo,donchian_bo,False,AAPL,1d,0.397,0.0041,0.0149,0.4795,1.15,73,0.0207,False,False
donchian_bo+regime,donchian_bo,True,AAPL,1d,0.4464,0.0042,0.0149,0.48,1.24,50,0.0213,False,False
macd_momentum,macd_momentum,False,AAPL,1d,0.5121,0.0164,0.0518,0.42,1.37,50,0.0844,False,False
macd_momentum+regime,macd_momentum,True,AAPL,1d,0.6149,0.0235,0.0406,0.3902,1.3,41,0.1226,False,False
triple_screen,triple_screen,False,AAPL,1d,-0.3853,-0.0271,0.2047,0.5698,0.83,86,-0.1019,False,True
triple_screen+regime,triple_screen,True,AAPL,1d,-0.46,-0.0249,0.1867,0.525,0.74,80,-0.1181,False,False
atr_breakout,atr_breakout,False,AAPL,1d,0.3366,0.0218,0.1471,0.3548,1.28,62,0.1135,False,False
atr_breakout+regime,atr_breakout,True,AAPL,1d,0.3335,0.0171,0.0921,0.3778,1.37,45,0.0882,False,False
momentum_long,momentum_long,False,AAPL,1d,-0.3879,-0.0494,0.2032,0.0,0.0,4,-0.0829,False,True
momentum_long+regime,momentum_long,True,AAPL,1d,0.0254,-0.0001,0.0979,0.3889,1.47,18,-0.0006,False,False
alpha_composite,alpha_composite,False,AAPL,1d,0.2487,0.0142,0.1164,0.4958,1.36,119,0.0729,False,False
alpha_composite+regime,alpha_composite,True,AAPL,1d,0.3163,0.0142,0.0705,0.5063,1.53,79,0.0726,False,False
alpha_trend_v2,alpha_trend_v2,False,AAPL,1d,0.5509,0.0485,0.1186,0.4962,1.19,133,0.2658,False,False
alpha_trend_v2+regime,alpha_trend_v2,True,AAPL,1d,0.6294,0.0501,0.1025,0.4889,1.32,90,0.2756,False,False
alpha_momentum_v2,alpha_momentum_v2,False,AAPL,1d,-0.3873,-0.0801,0.2059,0.6316,1.13,38,-0.1331,False,True
alpha_momentum_v2+regime,alpha_momentum_v2,True,AAPL,1d,0.5272,0.056,0.1188,0.5584,1.81,77,0.3119,False,False
ema_crossover,ema_crossover,False,AMZN,1d,0.2786,0.0065,0.0528,0.2609,1.47,23,0.0328,False,False
ema_crossover+regime,ema_crossover,True,AMZN,1d,0.1666,0.0058,0.0778,0.2941,2.07,17,0.0291,False,False
donchian_bo,donchian_bo,False,AMZN,1d,-1.4016,-0.0164,0.0838,0.3,0.35,70,-0.0791,False,False
donchian_bo+regime,donchian_bo,True,AMZN,1d,-1.4597,-0.016,0.0801,0.2712,0.27,59,-0.0772,False,False
macd_momentum,macd_momentum,False,AMZN,1d,0.4328,0.0285,0.0923,0.3559,0.97,59,0.1506,False,False
macd_momentum+regime,macd_momentum,True,AMZN,1d,-0.0485,-0.0066,0.1472,0.26,0.76,50,-0.0324,False,False
triple_screen,triple_screen,False,AMZN,1d,0.0164,-0.002,0.1886,0.5941,1.04,101,-0.01,False,False
triple_screen+regime,triple_screen,True,AMZN,1d,0.3338,0.0209,0.1018,0.642,1.27,81,0.1084,False,False
atr_breakout,atr_breakout,False,AMZN,1d,0.1282,0.0076,0.1287,0.3,1.1,80,0.0386,False,False
atr_breakout+regime,atr_breakout,True,AMZN,1d,0.0121,-0.002,0.1311,0.2759,0.98,58,-0.0098,False,False
momentum_long,momentum_long,False,AMZN,1d,0.2052,0.0125,0.1432,0.25,1.62,12,0.0639,False,False
momentum_long+regime,momentum_long,True,AMZN,1d,0.364,0.0355,0.1899,0.4444,1.69,9,0.1897,False,False
alpha_composite,alpha_composite,False,AMZN,1d,0.1003,0.005,0.1663,0.496,0.96,125,0.0249,False,False
alpha_composite+regime,alpha_composite,True,AMZN,1d,0.1263,0.0072,0.1317,0.4648,0.98,71,0.0363,False,False
alpha_trend_v2,alpha_trend_v2,False,AMZN,1d,-1.194,-0.1156,0.2023,0.4918,0.63,61,-0.1895,False,True
alpha_trend_v2+regime,alpha_trend_v2,True,AMZN,1d,-0.1304,-0.0185,0.1945,0.4337,0.82,83,-0.0886,False,False
alpha_momentum_v2,alpha_momentum_v2,False,AMZN,1d,-1.7208,-0.2126,0.2097,0.4211,0.35,19,-0.1743,False,True
alpha_momentum_v2+regime,alpha_momentum_v2,True,AMZN,1d,0.2546,0.0282,0.1955,0.4861,1.27,72,0.1484,False,False
ema_crossover,ema_crossover,False,ASML,1d,0.2571,0.0079,0.0619,0.4231,1.44,26,0.04,False,False
ema_crossover+regime,ema_crossover,True,ASML,1d,-0.1404,-0.0075,0.0857,0.3182,1.28,22,-0.0368,False,False
donchian_bo,donchian_bo,False,ASML,1d,0.0688,0.0017,0.0917,0.4342,0.8,76,0.0085,False,False
donchian_bo+regime,donchian_bo,True,ASML,1d,-0.6949,-0.0139,0.0925,0.4182,0.63,55,-0.0672,False,False
macd_momentum,macd_momentum,False,ASML,1d,0.1572,0.0071,0.1059,0.3864,1.45,44,0.0359,False,False
macd_momentum+regime,macd_momentum,True,ASML,1d,-0.2478,-0.0166,0.1664,0.3611,1.03,36,-0.0799,False,False
triple_screen,triple_screen,False,ASML,1d,0.171,0.0121,0.1592,0.5357,1.1,84,0.0615,False,False
triple_screen+regime,triple_screen,True,ASML,1d,0.0787,0.0031,0.1099,0.4776,1.04,67,0.0154,False,False
atr_breakout,atr_breakout,False,ASML,1d,0.0973,0.0046,0.2016,0.3818,1.06,55,0.0174,False,True
atr_breakout+regime,atr_breakout,True,ASML,1d,-0.3444,-0.0333,0.2016,0.2973,0.65,37,-0.1194,False,True
momentum_long,momentum_long,False,ASML,1d,-0.1937,-0.0629,0.204,0.0,0.0,1,-0.0508,False,True
momentum_long+regime,momentum_long,True,ASML,1d,-0.5301,-0.0903,0.2066,0.1429,0.01,7,-0.2066,False,True
alpha_composite,alpha_composite,False,ASML,1d,0.1367,0.0093,0.18,0.4231,1.11,104,0.0471,False,False
alpha_composite+regime,alpha_composite,True,ASML,1d,-0.4447,-0.0509,0.2001,0.3214,0.63,56,-0.2001,False,True
alpha_trend_v2,alpha_trend_v2,False,ASML,1d,-0.2916,-0.0523,0.2029,0.4667,0.68,30,-0.0571,False,True
alpha_trend_v2+regime,alpha_trend_v2,True,ASML,1d,-1.1012,-0.0854,0.204,0.303,0.31,33,-0.204,False,True
alpha_momentum_v2,alpha_momentum_v2,False,ASML,1d,0.113,-0.0054,0.2339,0.5833,1.02,12,-0.0044,False,True
alpha_momentum_v2+regime,alpha_momentum_v2,True,ASML,1d,-1.1823,-0.1141,0.2061,0.4615,0.34,13,-0.2061,False,True
ema_crossover,ema_crossover,False,AVGO,1d,0.707,0.0271,0.0497,0.4286,2.49,28,0.1425,False,False
ema_crossover+regime,ema_crossover,True,AVGO,1d,0.6607,0.0734,0.125,0.3333,1.8,27,0.423,False,False
donchian_bo,donchian_bo,False,AVGO,1d,0.3708,0.0168,0.0573,0.4306,1.32,72,0.0865,False,False
donchian_bo+regime,donchian_bo,True,AVGO,1d,0.4157,0.0186,0.0559,0.4375,1.43,48,0.0961,False,False
macd_momentum,macd_momentum,False,AVGO,1d,-0.2014,-0.0185,0.1472,0.3333,1.33,60,-0.0888,False,False
macd_momentum+regime,macd_momentum,True,AVGO,1d,-0.3671,-0.0287,0.1694,0.2889,1.12,45,-0.1352,False,False
triple_screen,triple_screen,False,AVGO,1d,0.1354,0.0085,0.2041,0.5341,1.02,88,0.0311,False,True
triple_screen+regime,triple_screen,True,AVGO,1d,-0.0693,-0.0094,0.2041,0.4516,0.87,62,-0.0337,False,True
atr_breakout,atr_breakout,False,AVGO,1d,0.5977,0.0752,0.1463,0.2727,1.69,77,0.4348,False,False
atr_breakout+regime,atr_breakout,True,AVGO,1d,0.5371,0.0672,0.1409,0.2456,1.47,57,0.3827,False,False
momentum_long,momentum_long,False,AVGO,1d,0.7208,0.1267,0.2016,0.6,18.29,5,0.6047,False,True
momentum_long+regime,momentum_long,True,AVGO,1d,1.0099,0.2499,0.2089,0.4545,6.33,11,1.092,False,True
alpha_composite,alpha_composite,False,AVGO,1d,0.2247,0.022,0.2003,0.5287,1.46,87,0.077,False,True
alpha_composite+regime,alpha_composite,True,AVGO,1d,-0.0298,-0.0134,0.2003,0.381,1.31,42,-0.0449,False,True
alpha_trend_v2,alpha_trend_v2,False,AVGO,1d,1.0153,0.1526,0.1473,0.536,2.42,125,1.0282,False,False
alpha_trend_v2+regime,alpha_trend_v2,True,AVGO,1d,0.9694,0.1618,0.1222,0.4865,2.29,74,1.11,False,False
alpha_momentum_v2,alpha_momentum_v2,False,AVGO,1d,0.4596,0.0709,0.2005,0.5,1.28,24,0.0565,False,True
alpha_momentum_v2+regime,alpha_momentum_v2,True,AVGO,1d,0.5505,0.0897,0.2192,0.45,1.51,40,0.341,False,True
ema_crossover,ema_crossover,False,BTC/USDT,1d,0.3984,0.01,0.0269,0.2857,1.64,14,0.0291,False,False
ema_crossover+regime,ema_crossover,True,BTC/USDT,1d,0.1897,0.0081,0.0655,0.2857,1.37,14,0.0235,False,False
donchian_bo,donchian_bo,False,BTC/USDT,1d,0.1466,0.0035,0.0159,0.4118,1.09,34,0.01,False,False
donchian_bo+regime,donchian_bo,True,BTC/USDT,1d,0.2007,0.0049,0.0159,0.4333,1.15,30,0.0141,False,False
macd_momentum,macd_momentum,False,BTC/USDT,1d,0.3865,0.0222,0.0879,0.3214,1.13,28,0.0657,False,False
macd_momentum+regime,macd_momentum,True,BTC/USDT,1d,0.3078,0.0171,0.1076,0.3704,0.99,27,0.0503,False,False
triple_screen,triple_screen,False,BTC/USDT,1d,-0.1868,-0.0174,0.131,0.5532,0.88,47,-0.0496,False,False
triple_screen+regime,triple_screen,True,BTC/USDT,1d,-0.0488,-0.0066,0.1066,0.5854,0.96,41,-0.019,False,False
atr_breakout,atr_breakout,False,BTC/USDT,1d,0.2143,0.0164,0.126,0.2381,1.23,42,0.0483,False,False
atr_breakout+regime,atr_breakout,True,BTC/USDT,1d,0.0606,0.0013,0.1622,0.2368,1.07,38,0.0038,False,False
momentum_long,momentum_long,False,BTC/USDT,1d,0.3271,0.0238,0.0992,0.6667,11.02,3,0.0703,False,False
momentum_long+regime,momentum_long,True,BTC/USDT,1d,0.1661,0.01,0.1046,0.3333,3.5,3,0.0291,False,False
alpha_composite,alpha_composite,False,BTC/USDT,1d,-0.2668,-0.0328,0.2004,0.4605,1.06,76,-0.0839,False,True
alpha_composite+regime,alpha_composite,True,BTC/USDT,1d,-0.3914,-0.0499,0.2005,0.4407,0.95,59,-0.1104,False,True
alpha_trend_v2,alpha_trend_v2,False,BTC/USDT,1d,-0.2988,-0.0341,0.165,0.4444,0.94,90,-0.0955,False,False
alpha_trend_v2+regime,alpha_trend_v2,True,BTC/USDT,1d,-0.6271,-0.0701,0.2211,0.4459,0.71,74,-0.1755,False,True
alpha_momentum_v2,alpha_momentum_v2,False,BTC/USDT,1d,-3.1001,-0.4719,0.2092,0.125,0.05,8,-0.2059,False,True
alpha_momentum_v2+regime,alpha_momentum_v2,True,BTC/USDT,1d,-3.1001,-0.4719,0.2092,0.125,0.05,8,-0.2059,False,True
ema_crossover,ema_crossover,False,CRWD,1d,0.5063,0.0184,0.0631,0.5,2.2,22,0.0951,False,False
ema_crossover+regime,ema_crossover,True,CRWD,1d,0.5271,0.032,0.0653,0.6,3.16,20,0.1699,False,False
donchian_bo,donchian_bo,False,CRWD,1d,-0.2833,-0.007,0.0507,0.4118,0.66,68,-0.0342,False,False
donchian_bo+regime,donchian_bo,True,CRWD,1d,-0.2537,-0.0059,0.0577,0.4314,0.69,51,-0.029,False,False
macd_momentum,macd_momentum,False,CRWD,1d,0.284,0.0202,0.1806,0.4375,1.01,48,0.1047,False,False
macd_momentum+regime,macd_momentum,True,CRWD,1d,0.4336,0.039,0.0888,0.4706,1.87,34,0.2101,False,False
triple_screen,triple_screen,False,CRWD,1d,-1.2633,-0.1502,0.2022,0.3889,0.44,18,-0.1914,False,True
triple_screen+regime,triple_screen,True,CRWD,1d,0.8669,0.0779,0.1299,0.72,2.03,75,0.4532,False,False
atr_breakout,atr_breakout,False,CRWD,1d,-0.565,-0.0893,0.2006,0.3478,0.56,23,-0.1238,False,True
atr_breakout+regime,atr_breakout,True,CRWD,1d,0.4499,0.0431,0.0956,0.4423,1.53,52,0.2339,False,False
momentum_long,momentum_long,False,CRWD,1d,-0.3044,-0.095,0.206,0.0,0.0,1,-0.0621,False,True
momentum_long+regime,momentum_long,True,CRWD,1d,0.9617,0.1951,0.2187,0.75,116.46,4,0.795,False,True
alpha_composite,alpha_composite,False,CRWD,1d,-0.4306,-0.0818,0.2067,0.4615,0.73,39,-0.146,False,True
alpha_composite+regime,alpha_composite,True,CRWD,1d,0.3984,0.0464,0.1565,0.4194,1.81,62,0.2534,False,False
alpha_trend_v2,alpha_trend_v2,False,CRWD,1d,-0.4752,-0.0906,0.2018,0.5,0.78,30,-0.1256,False,True
alpha_trend_v2+regime,alpha_trend_v2,True,CRWD,1d,0.3843,0.0399,0.1242,0.4118,1.55,68,0.2153,False,False
alpha_momentum_v2,alpha_momentum_v2,False,CRWD,1d,0.3915,0.0775,0.2283,0.6364,1.45,11,0.0507,False,True
alpha_momentum_v2+regime,alpha_momentum_v2,True,CRWD,1d,0.8917,0.1989,0.2151,0.4667,2.87,30,0.8136,False,True
ema_crossover,ema_crossover,False,ETH/USDT,1d,0.2748,0.0137,0.0583,0.2143,1.43,14,0.0401,False,False
ema_crossover+regime,ema_crossover,True,ETH/USDT,1d,-0.0102,-0.008,0.1432,0.2143,1.04,14,-0.0231,False,False
donchian_bo,donchian_bo,False,ETH/USDT,1d,0.8778,0.0696,0.0422,0.2917,1.9,24,0.215,False,False
donchian_bo+regime,donchian_bo,True,ETH/USDT,1d,0.615,0.0257,0.0422,0.2609,1.42,23,0.0761,False,False
macd_momentum,macd_momentum,False,ETH/USDT,1d,0.2998,0.0247,0.1621,0.2759,0.96,29,0.0732,False,False
macd_momentum+regime,macd_momentum,True,ETH/USDT,1d,-0.0864,-0.0146,0.1843,0.2857,0.68,28,-0.0417,False,False
triple_screen,triple_screen,False,ETH/USDT,1d,0.1322,0.0089,0.1526,0.6667,1.16,30,0.0261,False,False
triple_screen+regime,triple_screen,True,ETH/USDT,1d,-0.0762,-0.0149,0.1213,0.6429,0.96,28,-0.0425,False,False
atr_breakout,atr_breakout,False,ETH/USDT,1d,0.4111,0.0524,0.1717,0.3243,1.49,37,0.1594,False,False
atr_breakout+regime,atr_breakout,True,ETH/USDT,1d,-0.0419,-0.0205,0.2019,0.2222,0.99,18,-0.0345,False,True
momentum_long,momentum_long,False,ETH/USDT,1d,-0.2642,-0.0349,0.1767,0.25,0.21,4,-0.0977,False,False
momentum_long+regime,momentum_long,True,ETH/USDT,1d,-0.2642,-0.0349,0.1767,0.25,0.21,4,-0.0977,False,False
alpha_composite,alpha_composite,False,ETH/USDT,1d,-1.1068,-0.1381,0.2001,0.3488,0.5,43,-0.1941,False,True
alpha_composite+regime,alpha_composite,True,ETH/USDT,1d,-0.7439,-0.1225,0.2033,0.35,0.51,40,-0.1974,False,True
alpha_trend_v2,alpha_trend_v2,False,ETH/USDT,1d,-1.121,-0.1383,0.2001,0.3696,0.51,46,-0.1944,False,True
alpha_trend_v2+regime,alpha_trend_v2,True,ETH/USDT,1d,-0.7502,-0.1227,0.2033,0.3721,0.53,43,-0.1977,False,True
alpha_momentum_v2,alpha_momentum_v2,False,ETH/USDT,1d,-2.5513,-0.3933,0.2086,0.2857,0.1,14,-0.2086,False,True
alpha_momentum_v2+regime,alpha_momentum_v2,True,ETH/USDT,1d,-2.5513,-0.3933,0.2086,0.2857,0.1,14,-0.2086,False,True
ema_crossover,ema_crossover,False,GOOG,1d,0.5543,0.0138,0.0491,0.3846,2.16,26,0.0707,False,False
ema_crossover+regime,ema_crossover,True,GOOG,1d,0.7063,0.0176,0.0268,0.5333,4.36,15,0.0906,False,False
donchian_bo,donchian_bo,False,GOOG,1d,-0.5544,-0.0078,0.0484,0.3594,0.57,64,-0.0383,False,False
donchian_bo+regime,donchian_bo,True,GOOG,1d,-0.5725,-0.009,0.0579,0.3529,0.56,51,-0.0441,False,False
macd_momentum,macd_momentum,False,GOOG,1d,-0.0347,-0.0032,0.1357,0.4286,0.88,56,-0.0159,False,False
macd_momentum+regime,macd_momentum,True,GOOG,1d,-0.0463,-0.0075,0.1255,0.3659,0.96,41,-0.037,False,False
triple_screen,triple_screen,False,GOOG,1d,-1.8483,-0.1076,0.2051,0.4167,0.28,36,-0.1925,False,True
triple_screen+regime,triple_screen,True,GOOG,1d,0.536,0.0372,0.1297,0.6404,1.41,89,0.1998,False,False
atr_breakout,atr_breakout,False,GOOG,1d,0.5978,0.0517,0.1596,0.3077,1.67,65,0.2854,False,False
atr_breakout+regime,atr_breakout,True,GOOG,1d,0.7923,0.0642,0.085,0.3256,2.58,43,0.3631,False,False
momentum_long,momentum_long,False,GOOG,1d,0.3266,0.0266,0.1894,0.4444,2.76,9,0.1396,False,False
momentum_long+regime,momentum_long,True,GOOG,1d,0.3289,0.0364,0.2055,0.4286,1.36,7,0.1299,False,True
alpha_composite,alpha_composite,False,GOOG,1d,-0.436,-0.0443,0.2009,0.4421,0.86,95,-0.1613,False,True
alpha_composite+regime,alpha_composite,True,GOOG,1d,0.2235,0.0149,0.1437,0.4355,1.68,62,0.0764,False,False
alpha_trend_v2,alpha_trend_v2,False,GOOG,1d,-0.3989,-0.0449,0.2045,0.4513,0.82,113,-0.1634,False,True
alpha_trend_v2+regime,alpha_trend_v2,True,GOOG,1d,-0.3323,-0.0337,0.2036,0.4265,0.91,68,-0.1337,False,True
alpha_momentum_v2,alpha_momentum_v2,False,GOOG,1d,0.096,-0.0016,0.219,0.4762,0.73,42,-0.0025,False,True
alpha_momentum_v2+regime,alpha_momentum_v2,True,GOOG,1d,-0.1766,-0.0348,0.2044,0.4444,0.83,54,-0.1287,False,True
ema_crossover,ema_crossover,False,MA,1d,-0.1257,-0.0022,0.0534,0.4167,0.83,24,-0.0109,False,False
ema_crossover+regime,ema_crossover,True,MA,1d,-0.7016,-0.0148,0.0729,0.3,0.89,20,-0.0718,False,False
donchian_bo,donchian_bo,False,MA,1d,-1.1167,-0.0062,0.0352,0.3103,0.42,58,-0.0304,False,False
donchian_bo+regime,donchian_bo,True,MA,1d,-1.1056,-0.0048,0.0279,0.2683,0.39,41,-0.0236,False,False
macd_momentum,macd_momentum,False,MA,1d,-0.6658,-0.0248,0.1238,0.3462,0.8,52,-0.1174,False,False
macd_momentum+regime,macd_momentum,True,MA,1d,-0.9574,-0.0216,0.1123,0.3333,0.66,39,-0.1032,False,False
triple_screen,triple_screen,False,MA,1d,-0.2929,-0.0188,0.1601,0.5556,0.84,108,-0.0904,False,False
triple_screen+regime,triple_screen,True,MA,1d,-0.4498,-0.0193,0.1159,0.5443,0.75,79,-0.0926,False,False
atr_breakout,atr_breakout,False,MA,1d,-0.3816,-0.025,0.1381,0.2556,0.72,90,-0.1186,False,False
atr_breakout+regime,atr_breakout,True,MA,1d,-0.6259,-0.0268,0.1266,0.2319,0.61,69,-0.1266,False,False
momentum_long,momentum_long,False,MA,1d,0.0754,0.0027,0.136,0.1111,1.2,9,0.0136,False,False
momentum_long+regime,momentum_long,True,MA,1d,-0.0984,-0.0082,0.1237,0.3077,1.46,13,-0.0401,False,False
alpha_composite,alpha_composite,False,MA,1d,-0.0803,-0.0086,0.1563,0.4327,0.8,171,-0.0419,False,False
alpha_composite+regime,alpha_composite,True,MA,1d,-1.6318,-0.07,0.2001,0.3016,0.38,63,-0.198,False,True
alpha_trend_v2,alpha_trend_v2,False,MA,1d,-0.4517,-0.022,0.1444,0.4481,0.75,183,-0.1047,False,False
alpha_trend_v2+regime,alpha_trend_v2,True,MA,1d,-0.6382,-0.0239,0.1501,0.4219,0.78,128,-0.1136,False,False
alpha_momentum_v2,alpha_momentum_v2,False,MA,1d,-0.5172,-0.0995,0.2008,0.4,0.42,40,-0.1412,False,True
alpha_momentum_v2+regime,alpha_momentum_v2,True,MA,1d,-2.1279,-0.1117,0.2067,0.0,0.0,15,-0.2045,False,True
ema_crossover,ema_crossover,False,META,1d,0.9216,0.0327,0.0442,0.24,3.22,25,0.1738,False,False
ema_crossover+regime,ema_crossover,True,META,1d,1.0034,0.1243,0.0879,0.3333,3.45,24,0.7922,False,False
donchian_bo,donchian_bo,False,META,1d,-0.6802,-0.0135,0.0801,0.3289,0.49,76,-0.0656,False,False
donchian_bo+regime,donchian_bo,True,META,1d,-0.6723,-0.0127,0.0785,0.3281,0.48,64,-0.0616,False,False
macd_momentum,macd_momentum,False,META,1d,0.0244,-0.0006,0.1525,0.4423,1.16,52,-0.0029,False,False
macd_momentum+regime,macd_momentum,True,META,1d,0.3082,0.0215,0.0817,0.4872,2.23,39,0.1115,False,False
triple_screen,triple_screen,False,META,1d,-1.5827,-0.0906,0.2007,0.3333,0.32,21,-0.1503,False,True
triple_screen+regime,triple_screen,True,META,1d,0.0548,0.0006,0.2017,0.5942,1.06,69,0.0022,False,True
atr_breakout,atr_breakout,False,META,1d,-1.6505,-0.2053,0.2033,0.1333,0.19,15,-0.1758,False,True
atr_breakout+regime,atr_breakout,True,META,1d,0.5542,0.0617,0.1268,0.3571,1.54,56,0.3475,False,False
momentum_long,momentum_long,False,META,1d,0.81,0.0964,0.2094,0.6667,33.38,3,0.4437,False,True
momentum_long+regime,momentum_long,True,META,1d,1.1644,0.275,0.2053,0.6,17.79,5,1.6176,False,True
alpha_composite,alpha_composite,False,META,1d,0.4084,0.0457,0.1951,0.5047,1.59,107,0.2491,False,False
alpha_composite+regime,alpha_composite,True,META,1d,0.8058,0.1391,0.1516,0.5441,1.82,68,0.913,False,False
alpha_trend_v2,alpha_trend_v2,False,META,1d,-1.24,-0.1296,0.2025,0.3488,0.3,43,-0.1978,False,True
alpha_trend_v2+regime,alpha_trend_v2,True,META,1d,0.8794,0.1378,0.1111,0.5833,1.86,72,0.9018,False,False
alpha_momentum_v2,alpha_momentum_v2,False,META,1d,-0.6673,-0.1352,0.2029,0.4211,0.31,19,-0.1412,False,True
alpha_momentum_v2+regime,alpha_momentum_v2,True,META,1d,0.9641,0.24,0.2002,0.4483,2.27,29,1.0433,False,True
ema_crossover,ema_crossover,False,MSFT,1d,0.6168,0.0105,0.0362,0.3478,2.04,23,0.0536,False,False
ema_crossover+regime,ema_crossover,True,MSFT,1d,0.8034,0.028,0.0472,0.4211,2.22,19,0.1474,False,False
donchian_bo,donchian_bo,False,MSFT,1d,-1.4047,-0.0119,0.0588,0.2824,0.41,85,-0.0579,False,False
donchian_bo+regime,donchian_bo,True,MSFT,1d,-1.2105,-0.0094,0.046,0.2712,0.44,59,-0.046,False,False
macd_momentum,macd_momentum,False,MSFT,1d,0.1089,0.0043,0.0813,0.4118,0.75,51,0.0217,False,False
macd_momentum+regime,macd_momentum,True,MSFT,1d,-0.0746,-0.0051,0.1232,0.3902,0.51,41,-0.0251,False,False
triple_screen,triple_screen,False,MSFT,1d,0.1305,0.0061,0.111,0.5747,1.11,87,0.0307,False,False
triple_screen+regime,triple_screen,True,MSFT,1d,0.1458,0.006,0.0873,0.5846,1.16,65,0.0304,False,False
atr_breakout,atr_breakout,False,MSFT,1d,0.1616,0.0089,0.1674,0.2754,1.14,69,0.0452,False,False
atr_breakout+regime,atr_breakout,True,MSFT,1d,0.3015,0.0178,0.0862,0.3265,1.06,49,0.092,False,False
momentum_long,momentum_long,False,MSFT,1d,-0.4734,-0.0868,0.203,0.0,0.0,2,-0.0796,False,True
momentum_long+regime,momentum_long,True,MSFT,1d,0.3738,0.0244,0.1132,0.4667,1.74,15,0.1275,False,False
alpha_composite,alpha_composite,False,MSFT,1d,-0.3224,-0.0259,0.1945,0.4683,0.95,126,-0.1226,False,False
alpha_composite+regime,alpha_composite,True,MSFT,1d,-0.3234,-0.0249,0.158,0.4302,0.73,86,-0.118,False,False
alpha_trend_v2,alpha_trend_v2,False,MSFT,1d,-0.2837,-0.0188,0.154,0.4526,0.85,137,-0.0904,False,False
alpha_trend_v2+regime,alpha_trend_v2,True,MSFT,1d,-0.4725,-0.0229,0.1713,0.4194,0.7,93,-0.109,False,False
alpha_momentum_v2,alpha_momentum_v2,False,MSFT,1d,-0.1713,-0.0411,0.2004,0.6,0.91,35,-0.0607,False,True
alpha_momentum_v2+regime,alpha_momentum_v2,True,MSFT,1d,-0.1941,-0.0288,0.2092,0.4714,0.8,70,-0.1055,False,True
ema_crossover,ema_crossover,False,NOW,1d,-0.4322,-0.0127,0.1156,0.2333,0.62,30,-0.0619,False,False
ema_crossover+regime,ema_crossover,True,NOW,1d,-0.3198,-0.0142,0.0965,0.16,0.69,25,-0.0689,False,False
donchian_bo,donchian_bo,False,NOW,1d,-0.3963,-0.0057,0.0391,0.459,0.61,61,-0.0282,False,False
donchian_bo+regime,donchian_bo,True,NOW,1d,-0.3303,-0.0043,0.0263,0.449,0.47,49,-0.0211,False,False
macd_momentum,macd_momentum,False,NOW,1d,-0.2198,-0.0095,0.1188,0.3333,0.7,54,-0.0462,False,False
macd_momentum+regime,macd_momentum,True,NOW,1d,0.1482,0.0073,0.1053,0.3333,0.65,42,0.037,False,False
triple_screen,triple_screen,False,NOW,1d,-1.3471,-0.1085,0.2041,0.4333,0.44,30,-0.1788,False,True
triple_screen+regime,triple_screen,True,NOW,1d,0.0108,-0.0015,0.1285,0.5625,1.02,64,-0.0073,False,False
atr_breakout,atr_breakout,False,NOW,1d,-0.4736,-0.0589,0.2049,0.2222,0.71,27,-0.0982,False,True
atr_breakout+regime,atr_breakout,True,NOW,1d,-0.3615,-0.0318,0.1793,0.3226,0.69,62,-0.1486,False,False
momentum_long,momentum_long,False,NOW,1d,-0.7685,-0.1967,0.2483,0.0,0.0,1,-0.1574,False,True
momentum_long+regime,momentum_long,True,NOW,1d,0.2607,0.0267,0.203,0.4286,1.81,7,0.0864,False,True
alpha_composite,alpha_composite,False,NOW,1d,-0.9546,-0.0907,0.2001,0.4186,0.58,43,-0.131,False,True
alpha_composite+regime,alpha_composite,True,NOW,1d,-0.2222,-0.027,0.2021,0.3768,1.03,69,-0.1132,False,True
alpha_trend_v2,alpha_trend_v2,False,NOW,1d,0.1329,0.008,0.1542,0.4286,1.01,147,0.0404,False,False
alpha_trend_v2+regime,alpha_trend_v2,True,NOW,1d,-0.0693,-0.0076,0.2004,0.3793,0.84,87,-0.0355,False,True
alpha_momentum_v2,alpha_momentum_v2,False,NOW,1d,-0.5348,-0.1076,0.2077,0.5455,1.08,11,-0.0852,False,True
alpha_momentum_v2+regime,alpha_momentum_v2,True,NOW,1d,-1.1495,-0.1185,0.2159,0.1429,0.16,14,-0.2159,False,True
ema_crossover,ema_crossover,False,NVDA,1d,1.0562,0.0599,0.0662,0.3846,2.77,26,0.3359,False,False
ema_crossover+regime,ema_crossover,True,NVDA,1d,0.9401,0.1205,0.1145,0.36,2.04,25,0.7624,False,False
donchian_bo,donchian_bo,False,NVDA,1d,0.5528,0.0234,0.0474,0.4023,0.78,87,0.122,False,False
donchian_bo+regime,donchian_bo,True,NVDA,1d,0.5566,0.0218,0.0375,0.4394,0.74,66,0.1132,False,False
macd_momentum,macd_momentum,False,NVDA,1d,1.0557,0.0991,0.1789,0.3958,1.93,48,0.6016,False,False
macd_momentum+regime,macd_momentum,True,NVDA,1d,0.4566,0.0405,0.1711,0.3784,1.8,37,0.2186,False,False
triple_screen,triple_screen,False,NVDA,1d,0.5262,0.0687,0.1996,0.6577,1.41,111,0.3922,False,False
triple_screen+regime,triple_screen,True,NVDA,1d,0.5325,0.0609,0.1996,0.6522,1.47,92,0.3424,False,False
atr_breakout,atr_breakout,False,NVDA,1d,0.3007,0.0338,0.2011,0.3,1.25,20,0.0477,False,True
atr_breakout+regime,atr_breakout,True,NVDA,1d,0.6681,0.0799,0.1705,0.3019,1.87,53,0.4663,False,False
momentum_long,momentum_long,False,NVDA,1d,0.9715,0.302,0.2178,1.0,999.9,1,0.2317,False,True
momentum_long+regime,momentum_long,True,NVDA,1d,-1.1344,-0.2028,0.2132,0.4,0.17,5,-0.2056,False,True
alpha_composite,alpha_composite,False,NVDA,1d,1.0975,0.3021,0.201,0.6429,2.41,14,0.3048,False,True
alpha_composite+regime,alpha_composite,True,NVDA,1d,0.7548,0.1458,0.2014,0.4194,1.96,62,0.9554,False,True
alpha_trend_v2,alpha_trend_v2,False,NVDA,1d,0.2143,0.02,0.2003,0.5278,1.14,36,0.0296,False,True
alpha_trend_v2+regime,alpha_trend_v2,True,NVDA,1d,0.9112,0.2132,0.2112,0.5,2.58,34,0.931,False,True
alpha_momentum_v2,alpha_momentum_v2,False,NVDA,1d,2.026,0.8997,0.2016,0.6667,3.89,9,0.6897,False,True
alpha_momentum_v2+regime,alpha_momentum_v2,True,NVDA,1d,1.0491,0.2851,0.2227,0.463,2.18,54,2.3486,False,True
ema_crossover,ema_crossover,False,NVO,1d,0.3349,0.0112,0.0793,0.2903,0.97,31,0.057,False,False
ema_crossover+regime,ema_crossover,True,NVO,1d,-0.0802,-0.0027,0.0711,0.3,0.6,30,-0.0133,False,False
donchian_bo,donchian_bo,False,NVO,1d,-0.8111,-0.0138,0.0827,0.3974,0.64,78,-0.0669,False,False
donchian_bo+regime,donchian_bo,True,NVO,1d,-0.7062,-0.0098,0.0629,0.3333,0.6,48,-0.0477,False,False
macd_momentum,macd_momentum,False,NVO,1d,-0.4306,-0.0359,0.2049,0.3404,0.72,47,-0.1367,False,True
macd_momentum+regime,macd_momentum,True,NVO,1d,-0.338,-0.0277,0.2006,0.375,0.53,40,-0.1213,False,True
triple_screen,triple_screen,False,NVO,1d,-0.2259,-0.0237,0.2013,0.549,0.85,102,-0.109,False,True
triple_screen+regime,triple_screen,True,NVO,1d,-0.1,-0.0099,0.2013,0.5588,0.91,68,-0.0466,False,True
atr_breakout,atr_breakout,False,NVO,1d,0.0178,-0.0035,0.2081,0.2615,1.02,65,-0.0151,False,True
atr_breakout+regime,atr_breakout,True,NVO,1d,-0.2514,-0.0237,0.2079,0.2222,0.74,45,-0.0981,False,True
momentum_long,momentum_long,False,NVO,1d,0.434,0.0472,0.1963,0.5,3.66,6,0.2585,False,False
momentum_long+regime,momentum_long,True,NVO,1d,0.6067,0.1,0.2118,0.5,2.84,14,0.5819,False,True
alpha_composite,alpha_composite,False,NVO,1d,0.3289,0.0314,0.1832,0.4476,1.06,143,0.1666,False,False
alpha_composite+regime,alpha_composite,True,NVO,1d,0.2596,0.0216,0.1718,0.4124,0.96,97,0.1121,False,False
alpha_trend_v2,alpha_trend_v2,False,NVO,1d,0.2887,0.0208,0.1468,0.4653,1.1,144,0.1082,False,False
alpha_trend_v2+regime,alpha_trend_v2,True,NVO,1d,0.0449,0.0008,0.1348,0.4242,0.93,99,0.0038,False,False
alpha_momentum_v2,alpha_momentum_v2,False,NVO,1d,0.3304,0.0402,0.2044,0.5588,1.08,34,0.0574,False,True
alpha_momentum_v2+regime,alpha_momentum_v2,True,NVO,1d,0.3374,0.0435,0.2081,0.3455,1.05,55,0.1747,False,True
ema_crossover,ema_crossover,False,PLTR,1d,0.4625,0.0455,0.1566,0.25,2.27,24,0.2483,False,False
ema_crossover+regime,ema_crossover,True,PLTR,1d,0.7131,0.1034,0.1748,0.3333,4.53,18,0.6323,False,False
donchian_bo,donchian_bo,False,PLTR,1d,0.4981,0.0312,0.063,0.3472,0.91,72,0.1653,False,False
donchian_bo+regime,donchian_bo,True,PLTR,1d,0.5451,0.0334,0.063,0.3279,0.9,61,0.1778,False,False
macd_momentum,macd_momentum,False,PLTR,1d,0.7536,0.0712,0.1776,0.4681,1.87,47,0.4088,False,False
macd_momentum+regime,macd_momentum,True,PLTR,1d,0.2821,0.0285,0.1958,0.4444,1.91,36,0.1502,False,False
triple_screen,triple_screen,False,PLTR,1d,-0.4532,-0.0627,0.2037,0.4643,0.77,28,-0.1158,False,True
triple_screen+regime,triple_screen,True,PLTR,1d,0.3088,0.0359,0.1999,0.6567,1.26,67,0.192,False,False
atr_breakout,atr_breakout,False,PLTR,1d,-0.2803,-0.0557,0.2045,0.3462,0.74,26,-0.102,False,True
atr_breakout+regime,atr_breakout,True,PLTR,1d,-0.9955,-0.1105,0.2192,0.1667,0.15,12,-0.2184,False,True
momentum_long,momentum_long,False,PLTR,1d,1.0374,0.2432,0.2058,0.3333,8.61,6,1.3232,False,True
momentum_long+regime,momentum_long,True,PLTR,1d,0.3715,0.0541,0.2155,0.4,2.94,5,0.1512,False,True
alpha_composite,alpha_composite,False,PLTR,1d,-0.7801,-0.1343,0.2051,0.3333,0.29,12,-0.1067,False,True
alpha_composite+regime,alpha_composite,True,PLTR,1d,-0.1786,-0.061,0.2152,0.2727,0.38,11,-0.1125,False,True
alpha_trend_v2,alpha_trend_v2,False,PLTR,1d,-1.3774,-0.1435,0.2048,0.2,0.21,20,-0.1503,False,True
alpha_trend_v2+regime,alpha_trend_v2,True,PLTR,1d,-0.1349,-0.0472,0.215,0.2308,0.31,13,-0.0876,False,True
alpha_momentum_v2,alpha_momentum_v2,False,PLTR,1d,-0.3619,-0.1469,0.2011,0.3333,0.62,3,-0.0426,False,True
alpha_momentum_v2+regime,alpha_momentum_v2,True,PLTR,1d,0.0629,-0.0116,0.2089,0.375,0.63,8,-0.0219,False,True
ema_crossover,ema_crossover,False,QQQ,1d,0.7151,0.01,0.0221,0.4545,2.21,22,0.0508,False,False
ema_crossover+regime,ema_crossover,True,QQQ,1d,0.7242,0.015,0.0282,0.3684,2.1,19,0.077,False,False
donchian_bo,donchian_bo,False,QQQ,1d,-0.4295,-0.0024,0.014,0.3882,0.72,85,-0.0119,False,False
donchian_bo+regime,donchian_bo,True,QQQ,1d,-0.3563,-0.0018,0.0098,0.4167,0.73,60,-0.0087,False,False
macd_momentum,macd_momentum,False,QQQ,1d,-0.0708,-0.0024,0.0536,0.4255,0.99,47,-0.012,False,False
macd_momentum+regime,macd_momentum,True,QQQ,1d,-0.1599,-0.0067,0.0795,0.375,0.83,40,-0.0329,False,False
triple_screen,triple_screen,False,QQQ,1d,-0.1468,-0.0086,0.1152,0.566,0.91,106,-0.042,False,False
triple_screen+regime,triple_screen,True,QQQ,1d,0.0376,0.0007,0.0532,0.5882,1.03,85,0.0035,False,False
atr_breakout,atr_breakout,False,QQQ,1d,0.2953,0.0147,0.1493,0.3662,1.22,71,0.0756,False,False
atr_breakout+regime,atr_breakout,True,QQQ,1d,0.496,0.0208,0.0623,0.4231,1.56,52,0.1081,False,False
momentum_long,momentum_long,False,QQQ,1d,0.4466,0.0232,0.1209,0.3333,2.9,9,0.1208,False,False
momentum_long+regime,momentum_long,True,QQQ,1d,0.5576,0.0366,0.0929,0.4545,2.4,11,0.1959,False,False
alpha_composite,alpha_composite,False,QQQ,1d,0.1196,0.0056,0.126,0.4904,0.87,157,0.0281,False,False
alpha_composite+regime,alpha_composite,True,QQQ,1d,0.3749,0.0165,0.0573,0.4955,0.97,111,0.0847,False,False
alpha_trend_v2,alpha_trend_v2,False,QQQ,1d,0.2122,0.011,0.1091,0.5082,0.88,183,0.056,False,False
alpha_trend_v2+regime,alpha_trend_v2,True,QQQ,1d,0.4271,0.02,0.0815,0.5188,1.0,133,0.1034,False,False
alpha_momentum_v2,alpha_momentum_v2,False,QQQ,1d,-1.0666,-0.1561,0.2043,0.3871,0.4,31,-0.1691,False,True
alpha_momentum_v2+regime,alpha_momentum_v2,True,QQQ,1d,-0.6258,-0.0594,0.213,0.5824,0.9,91,-0.213,False,True
ema_crossover,ema_crossover,False,SPY,1d,0.6734,0.0071,0.013,0.5,2.59,22,0.0356,False,False
ema_crossover+regime,ema_crossover,True,SPY,1d,0.7266,0.0088,0.0154,0.3889,2.45,18,0.0449,False,False
donchian_bo,donchian_bo,False,SPY,1d,-1.4893,-0.0055,0.0287,0.3039,0.4,102,-0.0269,False,False
donchian_bo+regime,donchian_bo,True,SPY,1d,-1.7054,-0.0051,0.0271,0.24,0.28,75,-0.0254,False,False
macd_momentum,macd_momentum,False,SPY,1d,0.1299,0.0024,0.0331,0.3621,0.97,58,0.012,False,False
macd_momentum+regime,macd_momentum,True,SPY,1d,-0.0399,-0.0011,0.045,0.3778,0.8,45,-0.0054,False,False
triple_screen,triple_screen,False,SPY,1d,-0.7011,-0.0284,0.1396,0.5508,0.64,118,-0.1337,False,False
triple_screen+regime,triple_screen,True,SPY,1d,-0.4525,-0.0144,0.0738,0.5604,0.71,91,-0.0696,False,False
atr_breakout,atr_breakout,False,SPY,1d,-0.2076,-0.0094,0.1325,0.3171,0.87,82,-0.0459,False,False
atr_breakout+regime,atr_breakout,True,SPY,1d,0.0507,0.0011,0.0583,0.3091,1.07,55,0.0054,False,False
momentum_long,momentum_long,False,SPY,1d,0.5818,0.0238,0.0733,0.4286,5.26,7,0.1244,False,False
momentum_long+regime,momentum_long,True,SPY,1d,0.4919,0.0158,0.0646,0.3333,2.53,15,0.0814,False,False
alpha_composite,alpha_composite,False,SPY,1d,-0.1907,-0.0079,0.094,0.5211,0.8,190,-0.0387,False,False
alpha_composite+regime,alpha_composite,True,SPY,1d,-0.3415,-0.0089,0.0738,0.5357,0.79,140,-0.0434,False,False
alpha_trend_v2,alpha_trend_v2,False,SPY,1d,-0.3561,-0.0148,0.1209,0.505,0.73,202,-0.0716,False,False
alpha_trend_v2+regime,alpha_trend_v2,True,SPY,1d,-0.4096,-0.0096,0.0767,0.5235,0.73,149,-0.0469,False,False
alpha_momentum_v2,alpha_momentum_v2,False,SPY,1d,0.1016,0.0052,0.1866,0.5683,0.98,183,0.0259,False,False
alpha_momentum_v2+regime,alpha_momentum_v2,True,SPY,1d,-0.0398,-0.0051,0.1121,0.5704,0.95,135,-0.0254,False,False
ema_crossover,ema_crossover,False,TSLA,1d,0.5311,0.0271,0.0707,0.3913,2.17,23,0.1424,False,False
ema_crossover+regime,ema_crossover,True,TSLA,1d,0.1997,0.0138,0.1599,0.3684,1.81,19,0.0704,False,False
donchian_bo,donchian_bo,False,TSLA,1d,0.3217,0.0195,0.1329,0.4038,1.46,52,0.1011,False,False
donchian_bo+regime,donchian_bo,True,TSLA,1d,0.4187,0.0256,0.1329,0.4,1.42,40,0.1341,False,False
macd_momentum,macd_momentum,False,TSLA,1d,0.8328,0.0676,0.1184,0.3265,2.18,49,0.3854,False,False
macd_momentum+regime,macd_momentum,True,TSLA,1d,-0.0588,-0.0149,0.203,0.4,0.38,5,-0.0248,False,True
triple_screen,triple_screen,False,TSLA,1d,-0.1185,-0.0239,0.2021,0.6275,0.93,51,-0.0772,False,True
triple_screen+regime,triple_screen,True,TSLA,1d,-0.4454,-0.0471,0.2112,0.5161,0.72,31,-0.1483,False,True
atr_breakout,atr_breakout,False,TSLA,1d,0.6404,0.1059,0.2019,0.3065,1.62,62,0.4913,False,True
atr_breakout+regime,atr_breakout,True,TSLA,1d,0.5564,0.078,0.2182,0.275,1.61,40,0.366,False,True
momentum_long,momentum_long,False,TSLA,1d,0.7349,0.185,0.2153,1.0,999.9,1,0.1274,False,True
momentum_long+regime,momentum_long,True,TSLA,1d,0.0903,0.002,0.2266,0.5,0.99,10,0.0078,False,True
alpha_composite,alpha_composite,False,TSLA,1d,-0.2478,-0.0577,0.2147,0.45,1.27,20,-0.0634,False,True
alpha_composite+regime,alpha_composite,True,TSLA,1d,0.2253,0.0228,0.2828,0.4677,1.41,62,0.0983,False,True
alpha_trend_v2,alpha_trend_v2,False,TSLA,1d,-0.3479,-0.0574,0.2017,0.3667,0.81,30,-0.068,False,True
alpha_trend_v2+regime,alpha_trend_v2,True,TSLA,1d,0.0403,-0.0061,0.2623,0.507,1.23,71,-0.025,False,True
alpha_momentum_v2,alpha_momentum_v2,False,TSLA,1d,0.5299,0.1116,0.231,0.5238,1.76,21,0.1343,False,True
alpha_momentum_v2+regime,alpha_momentum_v2,True,TSLA,1d,-0.2255,-0.0313,0.2039,0.5385,0.99,13,-0.0632,False,True
ema_crossover,ema_crossover,False,V,1d,-0.3002,-0.0047,0.036,0.3571,0.71,28,-0.0233,False,False
ema_crossover+regime,ema_crossover,True,V,1d,-0.5666,-0.0093,0.0463,0.24,0.63,25,-0.0457,False,False
donchian_bo,donchian_bo,False,V,1d,-1.4227,-0.0079,0.0397,0.3333,0.32,66,-0.0388,False,False
donchian_bo+regime,donchian_bo,True,V,1d,-1.2938,-0.0058,0.0316,0.3191,0.27,47,-0.0286,False,False
macd_momentum,macd_momentum,False,V,1d,-0.2885,-0.0106,0.0817,0.3148,0.79,54,-0.0516,False,False
macd_momentum+regime,macd_momentum,True,V,1d,-0.3909,-0.0106,0.0736,0.2143,0.69,42,-0.0519,False,False
triple_screen,triple_screen,False,V,1d,-0.4144,-0.0246,0.1804,0.5686,0.81,102,-0.1168,False,False
triple_screen+regime,triple_screen,True,V,1d,-0.3856,-0.0163,0.1001,0.5714,0.8,77,-0.0786,False,False
atr_breakout,atr_breakout,False,V,1d,-0.3513,-0.0216,0.15,0.3457,0.74,81,-0.1029,False,False
atr_breakout+regime,atr_breakout,True,V,1d,-0.1777,-0.0081,0.0972,0.2857,0.8,56,-0.0396,False,False
momentum_long,momentum_long,False,V,1d,0.101,0.0038,0.0961,0.1538,1.21,13,0.0192,False,False
momentum_long+regime,momentum_long,True,V,1d,-0.046,-0.0047,0.1254,0.25,1.11,16,-0.023,False,False
alpha_composite,alpha_composite,False,V,1d,-0.9871,-0.0601,0.2,0.39,0.47,100,-0.1935,False,True
alpha_composite+regime,alpha_composite,True,V,1d,-0.6606,-0.0315,0.1531,0.4804,0.6,102,-0.1473,False,False
alpha_trend_v2,alpha_trend_v2,False,V,1d,-1.1524,-0.063,0.2083,0.4065,0.61,123,-0.2019,False,True
alpha_trend_v2+regime,alpha_trend_v2,True,V,1d,-0.9308,-0.0378,0.1795,0.472,0.6,125,-0.1744,False,False
alpha_momentum_v2,alpha_momentum_v2,False,V,1d,-0.7015,-0.1237,0.2001,0.3696,0.35,46,-0.1732,False,True
alpha_momentum_v2+regime,alpha_momentum_v2,True,V,1d,-0.3977,-0.034,0.1747,0.5044,0.7,113,-0.1581,False,False
